,song-artist,zcr_mean,zcr_std,zcr_min,zcr_max,energy_mean,energy_std,energy_min,energy_max,energy_entropy_mean,energy_entropy_std,energy_entropy_min,energy_entropy_max,spectral_centroid_mean,spectral_centroid_std,spectral_centroid_min,spectral_centroid_max,spectral_spread_mean,spectral_spread_std,spectral_spread_min,spectral_spread_max,spectral_entropy_mean,spectral_entropy_std,spectral_entropy_min,spectral_entropy_max,spectral_flux_mean,spectral_flux_std,spectral_flux_min,spectral_flux_max,spectral_rolloff_mean,spectral_rolloff_std,spectral_rolloff_min,spectral_rolloff_max,mfcc_1_mean,mfcc_1_std,mfcc_1_min,mfcc_1_max,mfcc_2_mean,mfcc_2_std,mfcc_2_min,mfcc_2_max,mfcc_3_mean,mfcc_3_std,mfcc_3_min,mfcc_3_max,mfcc_4_mean,mfcc_4_std,mfcc_4_min,mfcc_4_max,mfcc_5_mean,mfcc_5_std,mfcc_5_min,mfcc_5_max,mfcc_6_mean,mfcc_6_std,mfcc_6_min,mfcc_6_max,mfcc_7_mean,mfcc_7_std,mfcc_7_min,mfcc_7_max,mfcc_8_mean,mfcc_8_std,mfcc_8_min,mfcc_8_max,mfcc_9_mean,mfcc_9_std,mfcc_9_min,mfcc_9_max,mfcc_10_mean,mfcc_10_std,mfcc_10_min,mfcc_10_max,mfcc_11_mean,mfcc_11_std,mfcc_11_min,mfcc_11_max,mfcc_12_mean,mfcc_12_std,mfcc_12_min,mfcc_12_max,mfcc_13_mean,mfcc_13_std,mfcc_13_min,mfcc_13_max,chroma_1_mean,chroma_1_std,chroma_1_min,chroma_1_max,chroma_2_mean,chroma_2_std,chroma_2_min,chroma_2_max,chroma_3_mean,chroma_3_std,chroma_3_min,chroma_3_max,chroma_4_mean,chroma_4_std,chroma_4_min,chroma_4_max,chroma_5_mean,chroma_5_std,chroma_5_min,chroma_5_max,chroma_6_mean,chroma_6_std,chroma_6_min,chroma_6_max,chroma_7_mean,chroma_7_std,chroma_7_min,chroma_7_max,chroma_8_mean,chroma_8_std,chroma_8_min,chroma_8_max,chroma_9_mean,chroma_9_std,chroma_9_min,chroma_9_max,chroma_10_mean,chroma_10_std,chroma_10_min,chroma_10_max,chroma_11_mean,chroma_11_std,chroma_11_min,chroma_11_max,chroma_12_mean,chroma_12_std,chroma_12_min,chroma_12_max,chroma_std_mean,chroma_std_std,chroma_std_min,chroma_std_max
0,E:\song_conv2\ACDC - Hells Bells,0.07073523984801232,0.020641927379117013,0.01024954931461808,0.10929829136384767,0.04114316316671595,0.01736313693650644,0.0009220300522281854,0.07071117016950784,3.2370024873868575,0.10546505352520501,2.4715392730915315,3.3175244362737994,0.14275824873627102,0.032372973289110894,0.036922881196646086,0.19787356992987648,0.15372158476913794,0.02621394428046604,0.05642456059291915,0.19741891083044863,0.7024383619402867,0.2657409756546994,0.00036854783456054865,1.2421771762469762,0.00022605285736338845,0.0008949499508649132,0.0,0.009479171407482419,0.10687169921732133,0.02951633973354244,0.019342403628117913,0.1673469387755102,-17.238402677646896,2.355454137420189,-29.333273814466594,-15.473036308533349,1.1412762629099567,0.823408881650996,-0.7947682690133063,4.9624204015580835,0.1934588515024711,0.40607635963221766,-1.6195256193017034,0.8337192633778719,0.24293217799217498,0.25482885178270565,-0.5711332899972641,0.7794911534987038,0.028318635343012058,0.17857502475103784,-0.6718411647991283,0.4935352229504099,0.300381901115439,0.1583590680455668,-0.2495730622974898,0.6805496710135269,0.01588901170429987,0.14472201480755223,-0.37562696813461677,0.40885640558343117,0.029847329311988507,0.15742797208975626,-0.36202522311166113,0.5584927922566156,0.02497784628872306,0.15090330760041765,-0.3862812238380835,0.4737543273059761,0.18741206209251846,0.14999252886799405,-0.4602637679795043,0.6693216793844815,-0.16319167767179243,0.16295142174010335,-0.6777302315523649,0.27444459255569387,-0.0824090662937416,0.15716494420102228,-0.7852107770423256,0.2739148025879521,-0.06728118225062597,0.09146295666166217,-0.31956782344187956,0.20850909383771363,0.0001460126565389282,0.00024488929200158424,2.1702431117832454e-07,0.0024275056771620508,7.325547400126238e-05,8.514298370568674e-05,9.48922918793061e-08,0.0008048657582609264,0.00010541755596571885,0.00012033553088705631,2.1578092286030008e-07,0.0008002957013812738,0.00010459612561234974,0.0001004551130493505,7.312874748531804e-06,0.000857232704997809,0.00011055791751739082,9.5950924128486e-05,3.1347470555939123e-07,0.0005783370784675934,0.00011842831396417687,0.0001251910465572263,7.974818715581052e-07,0.0008222940014277166,0.00023941957329314692,0.00037801799478552996,1.5611368944994258e-06,0.004570057653898513,0.00017652766808869827,0.00016126925574549056,4.104927527442574e-06,0.0011968464328606023,0.0001945415606661037,0.0003220844257209541,5.355885623855244e-07,0.0037206733907713375,0.00014939559378053627,0.00017268041286554054,2.0000256016737066e-06,0.0017967694286643114,0.00018805437874669687,0.00025337811885782534,1.7023340453298722e-06,0.002178584028379355,0.000130988340662903,0.0001429221544447368,7.8383154801647e-07,0.0009948692302928623,0.0001300697636562517,0.000140307573148442,2.5285737981011246e-06,0.0012224469121343712
1,E:\song_conv2\ACDC - Highway to Hell,0.0900004149927068,0.0216311312255862,0.026871052959784123,0.16143040170523476,0.042156791250318834,0.01838802359289422,0.004127578868832712,0.09335956178130747,3.175059345283005,0.234452854918199,1.9252832011649836,3.3205015020580806,0.15158398637482887,0.021837366777891092,0.09241679363459349,0.20756680400571295,0.15345937254752742,0.023157707813861395,0.07349865473158834,0.1842353673397648,0.815556386232477,0.1886913510618739,0.1495848162323973,1.2900409740844507,6.543604556400172e-05,6.441456168799136e-05,0.0,0.0007788273525480082,0.1328273121546353,0.03229909122545727,0.02945578231292517,0.2753968253968254,-16.7245737356344,0.985650518675139,-20.715266419744843,-15.451028842841271,0.64259854055063,0.4314407109360936,-0.7485467582511065,2.2583077441827095,-0.12364216461815825,0.35888172642627303,-1.646295748553908,0.45826715522889505,0.35961517545527294,0.23690815214067015,-0.6705038030344329,0.9758570299969079,0.0066405465540719,0.18559495834567166,-0.5360163455565088,0.6378809144365616,0.38070030058369814,0.15832161799640945,-0.19433466657039286,0.8294916611406209,0.08990615936112444,0.16860465794492185,-0.7835567268637137,0.4657005680280003,0.13480689538078744,0.2557360264469331,-0.8336653266071206,0.7363578299809258,0.18091285822648398,0.2117212999717274,-0.6447202748207777,0.709701577222623,0.0827357451723494,0.17698663839428344,-0.7635171788886348,0.5260493041110536,0.03760050529526275,0.15760527626996385,-1.1100952894824696,0.6378309874230004,-0.030199459472580722,0.1416709863831242,-0.6469807111170932,0.35076346969765293,-0.07664967796760506,0.10625885488430414,-0.34928178255420705,0.42846781073159773,0.00019225342831887885,0.0001898885223261349,3.776191749582635e-06,0.0015419105046147455,0.00035997033651732235,0.0007907972143409376,4.762662355438677e-06,0.007108808673044996,0.0002578331167021283,0.00037446487715382654,3.0071439046903153e-06,0.003216669351200666,0.00026465076202161997,0.00022784916264851103,3.988905822274698e-06,0.0014472705397058977,0.00029522517799761885,0.00037453204537432876,1.231085801291862e-05,0.0028582155416190477,0.0001762792352581291,0.00015873006837276057,1.148095823174144e-05,0.0011527549091016724,0.001407434370898242,0.0022685301077216766,3.583830987441061e-05,0.01649831833729468,0.0001504434072559901,0.00011840361014481398,4.7681025203255e-06,0.0010770587976526712,0.0007745188825858483,0.001498190557031504,2.3394248965650836e-05,0.014119637973382528,0.0005368563596575432,0.001193861902101757,3.0005832026128715e-06,0.012274881818035025,0.0004188065569901614,0.0004725391317757868,5.147623816252575e-06,0.003956188400728306,0.000886750992363469,0.0011872529186649043,3.719573638127854e-05,0.011726440461508137,0.0006844342344040076,0.0007279890314250689,0.00010804974505896584,0.004474152069889512
2,E:\song_conv2\ACDC - Thunderstruck,0.08378584993814168,0.021418919203412372,0.039728341591174506,0.17223551287429562,0.03661859787913837,0.01647505140404807,6.792652247256116e-05,0.06434173892100671,3.2422625385868122,0.17441570984922453,1.4502057538878403,3.3196390989556726,0.17114954760488021,0.01834080328770064,0.11535576831071093,0.2394519406417013,0.16923714203894902,0.011515879693178188,0.10343933186729941,0.19732271214954764,0.9539742709610218,0.29105321894758934,0.4210712438245617,1.994980351790907,5.910484345627575e-05,2.8214911301882356e-05,0.0,0.00028548554801351687,0.13577483226967763,0.0430890870422741,0.02238095238095238,0.31335600907029476,-17.488773666869335,1.5297382052323623,-27.702349176380103,-15.732561907114642,0.7769480931887912,0.3743741350751714,-0.3112067888442905,1.616778408251419,0.43795864214745506,0.3792160482456809,-0.4955234990317059,1.1814497512495143,0.36652627418003997,0.2617994663146519,-0.3593324824452326,1.0810866585235255,0.13657133841936617,0.2215055008438447,-0.6281871796810289,0.6382316993475413,0.3064685011275158,0.19502709581466,-0.1850861352910781,0.8798899877368916,0.08005049890762957,0.23737760546611353,-0.7432536031783948,0.507109787219473,0.18642872864076934,0.20269306748511257,-0.3841583688297908,0.8783986521591305,-0.024703562810179595,0.1495361968323803,-0.45414921233157657,0.33585224907853717,0.11695546298015301,0.14846545212503567,-0.23118019965707137,0.5299611836556727,-0.10076051566150879,0.13082542611301268,-0.5141643193335833,0.29767194946782677,0.04807626952902454,0.11074706547094498,-0.2962892891273282,0.3563106069332301,-0.04932654922561685,0.08822097062599321,-0.31242648584128274,0.4363292014392536,0.00014211032523520626,0.00014582102745646226,9.91694157932699e-06,0.0009794250327752818,0.00012402737825209566,0.00012069545527382147,7.182258519417897e-06,0.000920273653424958,0.00015945448107609553,0.00015706801330781474,7.217828530935887e-06,0.0014735091901850192,9.698109673641358e-05,8.522918467304355e-05,7.386936081834417e-06,0.0005613485035195261,0.00012657732317388433,0.00014307616273227648,8.600484372587955e-06,0.0011107131337859254,0.00020825985511547704,0.00016454094906864528,9.376092523876083e-06,0.0010762831796682993,0.00015288355154429456,0.0001223878612796339,1.0516537843544408e-05,0.0007240874692085879,0.00017147059821472305,0.0001818350582923407,2.0861799497545566e-05,0.0015088322951699342,0.00018211597923226353,0.00018528495752835467,8.100420916140621e-06,0.0015954291223462802,0.00012097321121450176,9.249882824578249e-05,8.04280967504666e-06,0.0004639003357795125,0.00013588090504642052,0.0001038415789425395,1.0759674198692628e-05,0.000689823940722551,0.00016100093823889414,0.00018199882156278243,6.9648462264337355e-06,0.0012503292504390088,0.00010746442252342502,7.122928122194899e-05,1.5997866636316952e-05,0.00041778200975995506
3,E:\song_conv2\ACDC - You Shook Me All Night Long (Official Video),0.08750959050789399,0.016392160419199064,0.031576321727003705,0.1390378575720813,0.03652376457871645,0.015698095700128818,0.003845786717397474,0.06443587503875622,3.207334246825185,0.16731126047292277,2.2108087456880603,3.314517838253161,0.1569339366481321,0.02031433410972804,0.08680244968852018,0.19109179796682674,0.16323492855103758,0.024713242515333664,0.0665266280888445,0.19010056404996498,0.8120202997886251,0.12263970609495034,0.3088667086136073,1.0878182580641431,6.767806005928674e-05,5.55589190124731e-05,0.0,0.0006256353594706881,0.12008907550260933,0.012046774685825504,0.048843537414965985,0.15684807256235828,-16.99405575122027,1.136334337680088,-21.675711923208976,-15.890819206056879,0.79118077393571,0.3459304745854999,-0.1621252248426156,1.9287858630362347,0.1792093408685534,0.18813144765129636,-0.29257588202120954,0.6646130564245175,0.3722178248553453,0.27961384177320137,-0.3383934879709176,0.9003590471256397,0.07190053280046484,0.19897240172369346,-0.5603114584851494,0.5983946478961368,0.3121295755002244,0.16270779982573136,-0.12967950538036738,0.8203739423750016,0.06915936962017068,0.1822322785356023,-0.47054598674991166,0.6341335837840495,0.148825407867697,0.1816149358526194,-0.37878822316924987,0.5012449691055059,0.1049075286186323,0.1765022939251733,-0.3293678122891832,0.51460165981094,0.19855750354580068,0.14245557707941292,-0.12995016249895655,0.6942664432107394,-0.12175463651257579,0.1386209194353778,-0.4506015641175963,0.2818769941675023,-0.04457052880590123,0.11607151661168108,-0.32862049157684653,0.3203840691459061,-0.10489599993350046,0.09113157723992249,-0.5070300363240333,0.30333991842840546,0.00015685475642790572,0.0001689259315737165,4.447669247676144e-06,0.0012373352451762088,0.0001549720695045441,0.00021788561087770624,4.2003155488224244e-06,0.0017199092564980426,0.00014583846516279546,0.00015171704372316007,6.607519817332718e-07,0.0016231435817909328,9.502194094686301e-05,7.275424397847745e-05,2.374753717241354e-06,0.00046945366804835247,0.0001288264658537395,0.00012342182119503571,3.9230975803990574e-06,0.0008801883172642195,0.00014308792029691118,0.0001120326917945783,8.230606973325695e-06,0.0006436061039460296,0.0002222874115671941,0.00026767665769728905,7.808702323534853e-06,0.0020968904638485027,0.000161029954736093,0.00012888122938913701,1.0826920055512311e-05,0.0008168158427641519,0.0001894748219094427,0.000163415657525305,9.074059171188365e-06,0.0010992380618902661,0.00017680472033854323,0.00020581912650560784,1.2030488540548893e-05,0.001956271642393454,0.00021330656929500696,0.00017493313467846857,2.4147212836207823e-05,0.0009829408903745723,0.00010402522510432753,8.967469044384252e-05,5.6531784905416946e-06,0.0005723664498771516,0.0001272407186464475,9.027626573370261e-05,2.0732925551427977e-05,0.000561791028052246
4,E:\song_conv2\Active member - Gia ta aderfia pou xa8hkane nwris,0.0610965332547009,0.018990380247000695,0.0,0.1308518237168222,0.016126145300756296,0.004547929426419451,6.423181604931264e-09,0.02510822984896329,2.9955680918072125,0.3021765367389812,1.2042144932793466,3.3218947797271667,0.1466135296435474,0.028964647736843,2.2675736734968752e-05,0.21727655395870465,0.16503083760550458,0.023553112281300498,1.2159976048679448e-08,0.19622265160549798,0.39699978527084434,0.13156930841077472,0.13479941425093792,1.185722352538518,0.0003621956494233029,0.0038124879403330053,0.0,0.0629556575364881,0.045214833780990865,0.03287939354951805,0.0,0.29854875283446713,-19.53052215092737,2.731677912492524,-50.59644256269405,-18.23507753250844,2.147094655316925,0.41178964841225535,9.508592127020909e-15,3.1361623363227427,0.5938636026888472,0.4376771857910544,-0.19515601258599702,1.8057394507467561,0.4133191361826123,0.1740730882560838,-0.10362622331179722,1.0254802498174385,0.1736933890551369,0.24210126755338482,-0.39250638822081607,0.9355743942110292,0.40979094987916626,0.28541494975478615,-0.18573519327225524,1.1917549235143803,0.47862424374503343,0.2500777281636554,-0.426045279440051,0.9376480767801986,0.3404712395184661,0.1773378853218647,-0.24589817107334466,1.002084649797353,-0.11862967265837587,0.17472319588707358,-0.6102966657961455,0.38665224276572735,-0.13686699507371453,0.18812773827224122,-0.7264504354512541,0.31042627170124865,-0.05128798420004624,0.1876863089461679,-0.5130160562420347,0.39583015950805345,-0.10865061267832055,0.19687974016385668,-0.5983635965089465,0.29444076631347205,-0.0015678540082684482,0.18775229147426103,-0.5461113277077785,0.5068765013535408,0.00012246530170812754,0.0008327867819304595,5.115104143973448e-35,0.012927082296409856,5.030885622615378e-05,8.004587509807667e-05,2.3417825939581682e-34,0.00119612412770043,7.285701547364617e-05,0.0005919612268971841,8.704909171077766e-34,0.009699614754827708,0.0009061498764256781,0.010487105983785144,1.0061336727198573e-05,0.16666666666666666,7.224661446619296e-05,0.0004054725330102807,1.198625888624369e-35,0.00671310443487488,0.00016804369928446707,0.0005418793798109718,5.60709034027785e-35,0.008871675469064583,0.00014080346218589245,0.0007344201881413807,6.271680906177722e-34,0.011675890142673362,6.1265765566644e-05,0.00012041607266659157,4.578588437028462e-36,0.0016838971476792238,8.824323317343381e-05,0.0002248032865672771,5.1006208021794785e-34,0.003343675140271537,4.097668837945781e-05,7.452049698175788e-05,7.43174253415187e-36,0.0010226454150422527,0.00011683799018765363,0.0008771574635843187,8.633673885518939e-34,0.014456366396186537,6.842074606559006e-05,0.0004651168175244713,3.675786580878295e-35,0.007438130883339517,0.0002747203180402297,0.0028792922426983127,1.1395311870836153e-05,0.04606423319938055
5,E:\song_conv2\Active Member - Oi Mythoi Tou Valtou,0.043501009486664084,0.015077448401282424,2.2675994058889557e-05,0.09756346443837231,0.05202044722983699,0.020433543003449066,3.2065832235007617e-09,0.09931735400901985,3.083653021655805,0.1761112157683049,2.0523091190423264,3.281809686570029,0.14201200796517785,0.025261487199421822,0.07663657282335083,0.20841433195297404,0.1613169111913189,0.02100327404406344,0.082210196484201,0.23655219395189897,0.3409614036777506,0.13679081246779276,0.1363062016310415,1.1801902202454304,0.00015057340203224675,0.00016458692018511337,0.0,0.0024317988929965398,0.036775489957887916,0.030499540425017933,0.0,0.2772562358276644,-18.254105259886682,3.1575162663963843,-43.91458687375706,-16.515440353366646,1.9533626883848894,0.2682195228777792,0.9472037728112911,2.56108880287142,0.18640131276148672,0.39399214427850393,-0.8790282147113593,0.9698134440979757,0.332028707440439,0.20145645830228892,-0.16121856470299872,0.8912123239082119,0.18652997631344176,0.18293225472196406,-0.19465734366687862,0.6896494491216436,0.1054163828612538,0.14600439431840995,-0.22554801575630185,0.5031477741160363,0.24629886224932104,0.1928538549273496,-0.1742650800003394,0.8394679201592874,0.09692776869120916,0.16473499284677412,-0.3901509397001324,0.5619168249447203,0.017222716794347885,0.17937399044715815,-0.7236132082708052,0.4436727640087602,-0.0820557429516376,0.16370380990591948,-0.7683957113067326,0.2779850956168531,-0.04634880003034448,0.17337070604939864,-0.5203756599862094,0.27772964772261416,-0.03483138740015714,0.1791821912891059,-0.4814760216063284,0.40256094460288017,-0.09479619247287915,0.1609703651450165,-0.5056263155691274,0.5326941773215141,0.00010144786626352166,0.0002231492977031206,1.004535701602917e-05,0.002226830203226352,5.889061753637377e-05,4.385896092544002e-05,4.992123293717472e-06,0.00026436176920393184,8.036646044204184e-05,6.377234002035218e-05,9.676795959466827e-06,0.00042818526072304323,0.0011040233216480446,0.011575043131877195,4.823424105933183e-06,0.16035237060332572,3.8661263880713824e-05,3.813809611825388e-05,4.399302500095047e-06,0.00033683597114431824,0.00015702110011274362,0.00018947752081834845,8.352205989667617e-06,0.0014288918081922788,0.00011785314283207136,0.0001587657600964416,8.36949375761896e-06,0.001177801231113512,7.851709022801276e-05,9.419787486325437e-05,3.621877105016426e-06,0.0008298035786354339,8.061681001952216e-05,9.691232471963678e-05,6.559330131819837e-06,0.0006762260264780867,7.850792985158635e-05,0.00013650706882278977,6.835345680147145e-06,0.001807061883914163,7.117868685831172e-05,6.176325381909129e-05,1.3504595921680157e-05,0.0004417724876659511,6.395707817590826e-05,6.974321170476922e-05,8.16744547292721e-06,0.0007905031007851865,0.00035636176720479977,0.0031939626033028845,7.14125932452217e-06,0.044300733236819385
6,E:\song_conv2\akestores-sarmagandi,0.0876558374271837,0.025127735587925772,0.01860565312531888,0.17092030521888002,0.04761159943961294,0.031179742105831305,8.682000883677418e-07,0.12060856919305615,3.159499587801788,0.1948343072509979,1.9496870320887059,3.3069157080530447,0.1856235088909804,0.024958727011208614,0.12746946986484886,0.2528440708816656,0.18522259245453213,0.016792232572922654,0.12323682836996168,0.21357395459919706,0.6439640941324436,0.2543298876480784,0.20580206248901992,1.6334029720149756,9.828702700232926e-05,4.2192124916928904e-05,0.0,0.00034955593833292756,0.09689837507055223,0.07332327658002663,0.011224489795918367,0.3715419501133787,-18.070796996164443,1.8710870306809577,-33.31572051476697,-15.738995372510352,1.7895297687477085,0.45559623037445984,-0.4979752796099159,2.5418791646040075,0.26931946372224563,0.4224636661997492,-1.0388029714423481,0.9783562778457431,0.2909486032929708,0.42270592151439035,-1.5045559749663855,1.0452933287135207,0.16890079455943827,0.396542456689986,-0.8043924274290162,0.846687513492351,0.23863834937190603,0.2964933190139845,-0.8855782361165636,0.8264541090587277,0.1847221661596958,0.19199092291463388,-0.4012717805564504,0.6674972732347257,0.1206792108230119,0.20175605965052099,-0.6302439942984104,0.6088831573045163,0.029685199911203657,0.21217796171349224,-0.7324273650805335,0.6426771483502277,0.10243440670583688,0.20320673433054787,-0.5471891493082507,0.6475295127154479,0.043271293186181996,0.19639924574595535,-0.5310881027099855,0.5815308297055423,0.17033008816517164,0.16751875724958584,-0.2247856091930054,0.69731433437269,0.0917996695929667,0.19666093389094091,-0.5392312517214493,0.9068020716271158,7.127060838693751e-05,7.973079216521104e-05,4.0232910777925075e-06,0.0005907003637241911,5.762726006078453e-05,6.154010162164029e-05,5.220652736334885e-06,0.0004367002708273995,6.240024540708305e-05,7.461552289191397e-05,3.897983385472277e-06,0.0006112462274806402,0.0002340925531511893,0.0025039017290696686,8.075939850058161e-06,0.037960700453952466,5.7924870818931785e-05,0.00010427845779764019,2.600993678459219e-06,0.0011275486595912444,0.00023729105790246097,0.0003955499245591578,1.3137744328122805e-05,0.002750377801838844,0.00010011210429607542,0.0001240852283976603,1.1048386492697093e-05,0.0008746470843301297,9.469383092221714e-05,0.00017428650812481656,5.995810961084964e-06,0.0017126371146981361,0.00010966316336522687,0.0001479271447181218,6.069951725739705e-06,0.0009291057231074696,0.00010206766605869969,0.0001332490695111831,8.227213897892827e-06,0.0009168566441836056,8.226219705297984e-05,8.822323193209445e-05,6.1547016246895e-06,0.0007343961702618403,8.945018736346889e-05,0.00018102279104752433,5.63980724238412e-06,0.001888971689374061,0.00014574607376989672,0.000696016351899485,8.405448980787173e-06,0.010486221376001656
7,E:\song_conv2\Alan Walker - Diamond Heart (feat Sophia Somajo),0.053263036358448534,0.022341046906909003,0.0,0.10452499461445142,0.05676551563155735,0.0418299119096206,1.79113232439739e-08,0.12107098126293385,3.2003622466506227,0.2113034480666123,1.232206103890768,3.3219160551179208,0.1501530740900156,0.05561073520057723,2.2675736734989366e-05,0.30657803147403717,0.16253351502769767,0.05014959590409242,1.2607756065585962e-08,0.2774923556892606,0.3903737135562272,0.1856807883187876,0.009517742811917416,0.835279067774159,0.000541647261917587,0.005835260290438168,0.0,0.08625419589354004,0.0633273770337628,0.029761265028656732,0.0,0.16040816326530613,-20.346843026473913,8.660432463024788,-50.59644256269405,-15.729917152664235,1.243654475262349,0.6097333273500402,1.4279946129196604e-14,2.9195982080573253,-0.5267996651996693,0.5196983525411987,-2.192513984788861,0.7803422296054895,0.0248841140998032,0.2960537906613251,-0.8220258218026016,0.7353365542845548,-0.1720803541521958,0.3880173265367463,-1.5389099038340324,0.4088986425227265,0.030548416128439684,0.29947600339398855,-1.143489218733425,0.4684319349809439,-0.10945001870134136,0.24321007773820927,-0.9355999281648097,0.3831191499061974,-0.2296100004793634,0.29353784364543295,-1.213124138857532,0.502413643239076,-0.1605425289425844,0.28107087928437624,-1.024296865845119,0.6964502587369598,-0.11916346741304763,0.28897623243450016,-0.9741384981891732,0.5660749325091238,0.17236227285904235,0.2420944529420195,-0.5575189505311768,0.7692773362160167,0.11446175616420265,0.23758565496658646,-0.7065047656234846,0.5979700760990659,0.09147158396278264,0.13369845097196964,-0.30542723090955626,0.4284375800028362,0.0001116021671844674,0.00023693083194275706,4.1476367068793917e-35,0.002388416249192338,4.05389569533211e-05,4.59381732152749e-05,1.6462649303358706e-34,0.00029066767080283503,7.986116648727557e-05,0.00011440973561033169,2.2196552840177425e-33,0.0011843258295575248,0.012427452440175612,0.04327901499913953,4.164462168269577e-06,0.16666666666666666,3.57383623534814e-05,5.797945594491685e-05,2.7748047098925054e-35,0.0006718302671870948,0.00017448025217400593,0.0003545369678619754,3.3516889949695055e-35,0.003205387560920427,0.00012170795177522282,0.00018705275753076275,3.623246635190232e-34,0.0012293640714521865,0.0001740602969324922,0.0002507850451386601,3.7020611301317433e-36,0.0017648795489914183,9.252052698339245e-05,0.00016275598337513362,3.3442351675642023e-34,0.0014536450772732641,8.391205231641921e-05,0.00012952646170290367,4.3933131645710606e-36,0.0009715311799649601,8.275652997107158e-05,6.720783313588012e-05,2.0057984570996775e-33,0.00038859271489314695,7.052833157887688e-05,8.778403525012453e-05,5.517887056520345e-35,0.000725230983111306,0.0035265516453312855,0.01193515774809048,8.114873127882517e-06,0.04606423319938055
8,E:\song_conv2\Alessia Cara - October,0.038500135708882804,0.010665676775299074,0.0,0.07292599689338881,0.09449726361371671,0.04042044013837039,1.1496273155691541e-07,0.15063720687123994,3.1849314453306374,0.20442076225224187,1.0977338740763511,3.3219260972790337,0.11477660612906877,0.01989261557087718,2.267573673498607e-05,0.19012321242022698,0.1503928070679816,0.025440029639970944,1.2537070097573561e-08,0.22869866169734018,0.17486465770313503,0.06572093669835385,0.030376264071949103,0.4076250766711447,0.0013186856863589289,0.01720210522577168,0.0,0.2698777023573645,0.030312832616039613,0.011900501082718229,0.0,0.06984126984126984,-17.884555095932672,4.649922218329534,-50.59644256269402,-15.41455328994689,2.47393882331336,0.8377694188218502,-2.0070274716966146,3.476797476704792,-0.16079041957670936,0.5780794721997748,-2.7726015104044404,0.9238085883977635,0.06202777516621551,0.3831451723576446,-1.1468656997225615,1.0672730716766508,0.20481854641353459,0.2294296901174718,-0.7139141355900666,0.6943584396465456,0.2286711274257137,0.21484106482601423,-0.6769629907955692,0.675037173133357,-0.02066761283380288,0.21576290673406573,-0.8118018979261125,0.3893703599384878,-0.09664399055536994,0.1877507375413914,-0.7449945415878236,0.488024103781566,-0.1161044355162669,0.20376904768831056,-0.6290538769294743,0.8308620699910004,-0.14186148641589247,0.21907897034750376,-0.9399289272104346,0.9631241380196424,0.10914701609373811,0.24979386095843614,-0.38041460476763034,0.9259957222035277,0.06454298400796128,0.2727596897405634,-0.7202783389430824,0.8317018175688813,0.1737498897231713,0.181376344340048,-0.4882813711456736,0.9336578779366801,8.783048346877378e-05,0.00014318332804298466,1.1609860147649948e-35,0.0016544498619476215,5.254683352423259e-05,0.0001888135372869425,4.103461582576922e-34,0.0017346602054192422,8.185634833866212e-05,0.0004025015287235729,1.3834340429222471e-33,0.005218671619267066,0.003394563752567734,0.023060164041583422,3.033217596135568e-06,0.16666666666666666,3.6643415223202584e-05,6.416863440710548e-05,1.7380489749618314e-35,0.0006942725148384048,0.00023543283293341779,0.0003372671688584992,2.809611173275032e-35,0.0025360870612959915,0.00013877359496222965,0.00017256509933784783,4.784570695761606e-34,0.0009485709267410362,0.0001219016391076306,0.00018040928027664025,1.1286588639611796e-36,0.0013304891187752217,8.05515168907002e-05,6.97125713229665e-05,7.952683212633435e-34,0.0004262828035268565,7.784114063332098e-05,9.892657992745519e-05,3.8174574085939877e-36,0.0009445090241919835,0.00011422332914745859,0.00017729753820732165,1.2900326600899719e-33,0.0013384280734399102,8.742512077925644e-05,0.00012177801064108052,4.2313003807825284e-35,0.0015126520385864593,0.0010311528602981353,0.006361595759538281,8.996264615437723e-06,0.04606423319938055
9,E:\song_conv2\Alice Cooper - Poison,0.08146898656523788,0.017833386192930283,0.020703182575766164,0.11231419857367997,0.0199988271549522,0.009632353045276973,4.740673887729562e-06,0.045616789089691245,3.2432541828495562,0.15031481357159474,2.080286674843012,3.318176775708463,0.14352083328805657,0.018109366200040913,0.09199102360026597,0.21771771627552652,0.14212631526772335,0.018824073542936685,0.07670681625237953,0.21731985047208294,0.8821704887705997,0.239550490133582,0.0815078038198187,1.2412658823716338,7.62263536439595e-05,7.723155525972465e-05,0.0,0.0011045466941194582,0.1321697368085811,0.03402624283830491,0.013333333333333334,0.18142857142857144,-18.171801249788917,2.0942630941045595,-30.83616917026724,-16.250600910109046,0.8713785819228674,0.4143355180305741,0.03031469987488971,2.4640535953127918,0.2863577058484136,0.29927766333881717,-0.46656617042734433,1.4519855555152603,0.2697877315850499,0.22095383028015714,-0.38817470844027496,1.1377690587880869,0.2593847796301359,0.1614406369379783,-0.1823274836485462,0.9110608566456435,0.1882602846511062,0.17150685707742008,-0.3301879768353911,0.7153502728002122,-0.09688923979382248,0.2252947823633303,-0.944492970757677,0.520171858703441,0.013300668190192185,0.17357689480428837,-0.4405105912911769,0.5625968831871129,0.018566515802093245,0.20033339689315086,-0.6403864920166639,0.6899406820931304,0.09530287290686688,0.18086024442746132,-0.39575547244795,0.5162332325206311,0.08667021300978513,0.14315926632602102,-0.2844215234589891,0.4569004596606286,0.024019961960836837,0.11916772540599394,-0.4288869876043447,0.45565180284771,0.03633705798555893,0.12125538897956921,-0.25761799254029255,0.4700222106448756,0.00016829654324503957,0.00016257585907295997,2.7044884449346396e-06,0.0008709239658793266,0.00013671684491523277,0.000161707549213392,1.1112344554876568e-05,0.001858053083451082,0.00011067010471918929,0.00012936323763541085,3.0795271812755078e-06,0.0010055965678537652,0.00014618174361119853,0.00016563298886567354,5.156236635796091e-06,0.0011728815666129076,0.0001082499252552007,0.00011848105254570138,6.06272055873004e-06,0.0007532544848551505,0.00020224337195266494,0.0002733705578181019,1.2819348964930434e-05,0.003019264007858743,0.00016729303435697497,0.00026441724299266215,3.1296328985918945e-06,0.002516219602098193,0.00018965280560375442,0.000209401266240938,3.7735661007691873e-06,0.0016921956651967756,0.00027817439664858806,0.00034317147600002404,3.168471061829482e-06,0.0023228357535979836,0.00015067138204446644,0.00014471152414887283,3.335453125271557e-06,0.0012518219511599474,0.00015857997395807906,0.00013119655232324536,6.596513228710589e-06,0.0007297717715938285,0.00022686333392227958,0.00023255483897740778,2.6983409995149505e-06,0.0014591964415483138,0.00015371053437294706,0.00011664324070052837,7.221947108755774e-06,0.0008093898277200511
10,E:\song_conv2\Alkinoos Ioannidis - Tha mai Konta Sou,0.07959383910163804,0.025828073634349937,0.03399131509427544,0.14332362044921143,0.03131615793024256,0.013160133511051355,0.0036072552217066975,0.06619713783002643,3.126472127219181,0.21918172640775235,1.6874911002494022,3.308521198079827,0.167119203508216,0.029171479781733137,0.09821787002370234,0.22107510641142347,0.1620217018520193,0.009683776035028594,0.13827155595733936,0.20933128855620886,0.8711174252442824,0.4480887375340149,0.03720528724529724,1.7644063210342582,0.0001508949230888101,0.0001741254581165812,0.0,0.0011287681805640642,0.15245016414526008,0.08120001626609744,0.029659863945578232,0.3294331065759637,-18.23461003926606,1.5966839229219711,-24.419566695451408,-16.316690507542123,1.680407393199403,0.6595401440123794,0.49836878963527104,3.4662521421224417,-0.29105438756642565,0.39698246525818986,-1.4885773290960782,0.8113465449627278,0.04594096573258982,0.24721452047000764,-0.6101417213253238,0.5476344019314785,0.27551184013379,0.2793175791733101,-0.38287267995559343,0.9491774071214499,-0.16528823545509375,0.25421433666238324,-0.774713299044991,0.49570876111216855,0.2739543209158897,0.2747239899811382,-0.5029110850914387,0.8050424653027759,0.28524845250937203,0.24592222552823015,-0.3294273025258094,0.8941984134811652,-0.3310757622325987,0.21070570489729054,-0.7846447669604172,0.3796865967179498,-0.2934387396615327,0.21501176054679663,-0.934678518736772,0.12113834333024735,-0.2232606370663613,0.34681257610510063,-1.049516057909264,0.43512418571887174,-0.2094994172540211,0.350536439552714,-0.950949293532756,0.5094434968448104,-0.13960093761375517,0.26862394848041976,-1.1092861580761904,0.41470689638905056,0.0001560047964270156,0.0002189168357366144,3.6010365846064905e-06,0.0014163938229604391,9.349037266533086e-05,0.00019207579290481344,1.7529521082241418e-06,0.0017428400089448714,0.00019001124882401163,0.00031742816490964087,1.4757506113779698e-06,0.0022561955732005807,0.00012847947999174627,0.0002696384434094623,1.1395327644977141e-06,0.0018743623183419072,8.486897328747076e-05,0.00017582937262931267,1.179396967516494e-06,0.0015210795913718485,0.00025588632777917276,0.0005912783489916242,9.057906105113848e-06,0.004636776086764396,0.00020963924855368367,0.0002603409681212695,1.64858619255651e-06,0.0014299867058226588,9.344280885391022e-05,0.00014746876408636045,2.0796575024814704e-06,0.0012527553826833034,0.00012036447906777062,0.00030477274229591953,4.0928239551877014e-06,0.002974052443814881,9.550964373856123e-05,0.00011977551987056809,3.867319117305406e-06,0.0005222555704732821,0.00010270252840690888,0.00013719117710165067,2.181334910476633e-06,0.0009760675460926334,0.00011613977335109582,0.0001305025222003404,3.3566529980896126e-06,0.0007794297170768,0.00016885985718972484,0.00019059677803952358,7.134223788068969e-06,0.001256318950664621
11,E:\song_conv2\Amethystium - Treasure,0.04807388045009787,0.014415156004668535,0.011995600857152575,0.1547296454608329,0.07133550300708866,0.022042361348789744,8.889965750504884e-07,0.10927991623305602,3.236976435474455,0.1694861134866312,1.1976459674520863,3.3166884541036863,0.1417276525497375,0.02543086650022508,0.0802467142785987,0.22018093465661837,0.1728649812063807,0.016896833575075515,0.13493647463124378,0.226970409637514,0.27959257565354473,0.16790430330372277,0.016130911252537843,1.0776870644446062,0.0002081462849571695,0.00016435061477701305,0.0,0.001787395878184892,0.050659400123685853,0.025642962969396117,0.005396825396825397,0.2283673469387755,-17.587913626631316,1.7656345908744784,-35.88278920380026,-16.216157486544283,2.3664865695275408,0.3467469547018507,1.702612622354084,4.3813058917868375,-0.08934533575202518,0.4602299798008548,-2.3135297937666404,0.6644005491455433,0.3489009630675868,0.23863540099577543,-0.5445716583571246,1.1006102445011,0.07394748165524724,0.21549888974562112,-1.1013974399086077,0.5847152526715073,-0.13684244693288242,0.19573577404696763,-1.0683193174419912,0.5215392019666336,0.1844611432815144,0.25480028555937456,-0.3900467430968704,0.8395531307770255,0.24380734762794082,0.26786817990652484,-0.40454819197746344,1.2123872165265699,0.21019200034026325,0.2096918996073034,-0.46138251273802167,0.8147732748524522,0.05029464833534665,0.2849213071787399,-0.6635249858236338,0.8208161056590659,-0.053481158445180414,0.23178661161668343,-0.8784824735925921,0.6566163598152965,0.10711022063838085,0.17909719176129993,-0.4873612697724282,0.6038484931717072,0.0775033747349907,0.17607149933916008,-0.8255130246649607,0.6512358717017179,4.279785218854175e-05,4.5420217657837706e-05,1.769774187504149e-06,0.0003200627594883676,2.30152706362645e-05,3.234766427143748e-05,6.141037519144897e-07,0.0004220615164055698,2.113360883835333e-05,1.638495266833236e-05,6.638887599425227e-07,0.00013134341270165502,3.668653014532754e-05,0.00016826056668246302,2.4344811297486443e-06,0.0030833013023901013,4.8793730617736855e-05,0.000300275782193348,3.1044048569157003e-07,0.0044141625730654424,3.3119687191583686e-05,4.24831303926922e-05,3.3579241874908995e-06,0.0005640752784739645,4.272585432468132e-05,8.735098238239246e-05,2.5950389914011855e-06,0.0011596596306207288,2.5446176438568535e-05,1.898251267309673e-05,1.2356892997008667e-06,0.00012219142710365497,3.954122117619024e-05,4.5751524512527395e-05,2.033198734353505e-06,0.0004074632442647723,1.9263831952609748e-05,1.6801411581796206e-05,4.6560905219486533e-07,0.00017876731826165982,3.337925505641409e-05,5.1704628285269485e-05,2.4170352016019554e-06,0.00063509794453188,3.5021107440634496e-05,5.2928557669598995e-05,2.1505937301743034e-06,0.0004987248330262468,3.6845743102743724e-05,9.58781359080947e-05,3.0440220516665786e-06,0.0012047461786509242
12,E:\song_conv2\Ed Sheeran - Galway Girl,0.0641731204492687,0.01577429976614346,0.030408508032970894,0.11662263744486899,0.08791969136779292,0.04791340861263356,0.00011991272512720748,0.15364098454531555,3.2055809975629517,0.11963321734363687,1.885952312930907,3.3169800388094886,0.15066980126264387,0.03548923022076649,0.06662905309511633,0.2270310225642994,0.16497827716213156,0.028322729347928663,0.09604558441004471,0.21241924241407212,0.5787128718193548,0.19720324425611738,0.10824839140299959,1.3189393238736966,8.619098656922848e-05,0.00012957980143362983,0.0,0.0016104858564730765,0.09739927620880003,0.04157685806100582,0.028843537414965988,0.35356009070294786,-16.985901815280005,2.8622197799009705,-24.106835527525387,-14.849010117640079,1.471029956391272,0.36707910089024093,-1.748415124207618,2.246424656493118,0.03817643917406168,0.341979299066955,-2.187035906900683,0.7426528816877603,0.26359340860487435,0.1814073120947509,-0.35712078571938366,1.2005947444582945,0.054192255189067895,0.1600313292719338,-0.3458997751615694,0.41453500633914125,0.24084032969014982,0.2000183954418866,-0.326244426496132,0.6252922091760144,0.10833256774476646,0.19914154197991396,-0.4073742650820317,0.6040904861142726,0.12776227382067853,0.24007864193991366,-0.8779132540398227,0.4936221974338151,0.004644047913448186,0.18799746331732492,-0.5965233878797468,0.46727161263888,0.012118462357002589,0.246191192608445,-0.959060878534063,1.056549739407758,-0.10466225103607306,0.1797415502850778,-0.8089852341554259,0.39051574000941786,-0.011436659577678995,0.16109340775479003,-0.5470936242907365,0.3554552966762646,-0.07010092129592065,0.18692959703717915,-0.6552261705677296,0.31668687377138705,9.199482382710383e-05,9.666822894537179e-05,1.563776955767036e-05,0.0008554432501782172,0.00011544698864446909,0.0002771569945494644,1.114064978097111e-05,0.0035112185755486,0.0001379307450325233,0.00020944099310250418,2.078621417518075e-05,0.001740155933702487,0.00014908283811003857,0.00020040010912282787,1.8590887990682247e-05,0.0022108000097862813,0.0001075399854303001,0.000151449089204675,1.3416546009121678e-05,0.0013681866900559815,0.00017640476872188344,0.0002126165820881492,1.738571933301561e-05,0.0020993450858704625,0.0002273639804955328,0.00028175159904983367,1.595797726829961e-05,0.002266031455226261,0.00021820209761105438,0.00025851319308702855,2.282768890724548e-05,0.0022517421951890695,0.0001580107827326646,0.0001386827489712677,2.1043958913711586e-05,0.0007802413425750917,0.0001527501245545268,0.0001319917448925803,2.2965382212439434e-05,0.0007037553188292798,0.00015709315576594758,0.00017827880205371547,1.0432012284585888e-05,0.001540252309975134,0.00013850177609147358,0.00013730413529142868,1.5153312864837021e-05,0.0009189187905929709,0.00011888896781509634,0.00012253739188411057,1.3897198143953931e-05,0.000939692103969032
